id,site_code,year,month,day,gpp,npp,nep,ra,rh,cf,cw,cr,cveg,csom,af,aw,ar,tveg,tsoil,swc,create_time
184556,DHF,2023,6,1,1.0484835701429034,0.433016254410078,0.24084263015377466,0.6154673157328254,0.19217362425630335,277.89448932523504,8823.730015860072,322.02156796486474,9423.646073150172,7946.74755421137,0.2165053898570546,0.10825810622507517,0.10825275832794826,155.6999855326078,209.5269968011896,,26/7/2023 00:41:19
184557,DHF,2023,6,2,0.9134259781083863,0.3772384298472573,0.19682684382602558,0.536187548261129,0.18041158602123172,278.00948777807383,8823.829450236282,322.0743311537555,9423.913269168112,7946.756901457861,0.18861683017976488,0.09431312934481491,0.09430847032267752,155.65634127211067,223.1828033913708,,26/7/2023 00:41:19
184558,DHF,2023,6,3,0.9840849732309133,0.4064200920874833,0.2150998300663081,0.57766488114343,0.19132026202117522,278.0965556655779,8823.914939536176,322.11314096268285,9424.124636164437,7946.766212286135,0.203207476825592,0.10160881734371123,0.10160379791818007,155.62363929964377,210.45464723869264,,26/7/2023 00:41:19
184559,DHF,2023,6,4,0.9943558299018428,0.4106618828144687,0.23558725168151184,0.5836939470873741,0.17507463113295685,278.19818239630996,8824.007724438581,322.1592394116425,9424.365146246535,7946.775549435469,0.20532834537425465,0.10266930462664733,0.10266423281356671,155.58526347866126,229.97884476838783,,26/7/2023 00:41:19
184560,DHF,2023,6,5,0.8973570692473836,0.37060208481945683,0.18853560537804837,0.5267549844279268,0.18206647944140847,278.3018928742423,8824.101569735483,322.20639035198275,9424.609852961708,7946.784838866718,0.1852986996180674,0.09265398113121114,0.09264940407017831,155.5460936665129,221.14483608102853,,26/7/2023 00:41:19
184561,DHF,2023,6,6,0.9835760380678051,0.40620990548624103,0.21926017800328973,0.5773661325815641,0.1869497274829513,278.38553582393655,8824.185399615046,322.2435183387034,9424.814453777686,7946.794144594367,0.2031023848536829,0.10155626873110686,0.10155125190145127,155.51477595472346,215.36539207936943,,26/7/2023 00:41:19
184562,DHF,2023,6,7,0.9094224405016005,0.3755849973012002,0.18754246487886914,0.5338374432004003,0.18804253242233107,278.4869519064807,8824.278131698378,322.2895417754975,9425.054625380357,7946.8034599933435,0.18779012435904663,0.09389975577192003,0.09389511717023355,155.47653797311673,214.11022462016297,,26/7/2023 00:41:19
184563,DHF,2023,6,8,0.774311237535154,0.3197850318049393,0.14410866519628068,0.4545262057302147,0.1756763666086586,278.5730186841256,8824.363207176018,322.3279011469715,9425.264127007114,7946.8127743881105,0.15989049435500255,0.07994924345159284,0.0799452939983439,155.44430389959564,229.17785103397472,,26/7/2023 00:41:19
184564,DHF,2023,6,9,0.8465977026617432,0.34963882757724146,0.16195067852140368,0.4969588750845017,0.18768814905583778,278.6311543940255,8824.434332056262,322.35230408532806,9425.417790535615,7946.822052804636,0.1748172035179202,0.08741297110852016,0.0874086529508011,155.4229696836255,214.50860315161628,,26/7/2023 00:41:19
184565,DHF,2023,6,10,0.9051908363923821,0.37383737491235314,0.18604272489659268,0.5313534614800289,0.18779465001576046,278.7041955777703,8824.512920593039,322.3841661776127,9425.601282348422,7946.831359825458,0.1869163242123623,0.09346283385897501,0.09345821684101584,155.3958333950091,214.38329475303982,,26/7/2023 00:41:19
184566,DHF,2023,6,11,0.8638148991477265,0.3567494072239846,0.18176400081232488,0.5070654919237418,0.17498540641165974,278.7893092023468,8824.597558913976,322.42207234342936,9425.808940459752,7946.840663156369,0.17837244839117586,0.08919068240429513,0.08918627642851364,155.36400487645338,230.07259930212453,,26/7/2023 00:41:19
184567,DHF,2023,6,12,0.9099258813179341,0.37579291477631727,0.219136329866435,0.5341329665416168,0.15665658490988227,278.86584786152076,8824.677924998821,322.4557000369827,9425.999472897325,7946.849930137268,0.1878940817822378,0.09395173708180854,0.09394709591227093,155.33552787807264,256.98859843715564,,26/7/2023 00:41:19
184568,DHF,2023,6,13,0.9624157786024863,0.3974708688842952,0.234236634592139,0.564944909718191,0.16323423429215622,278.95188019669496,8824.763052057979,322.49408275541964,9426.209015010094,7946.859148848653,0.19873292179725083,0.09937142799332183,0.09936651909372257,155.30336720730716,246.6332524839507,,26/7/2023 00:41:19
184569,DHF,2023,6,14,1.0163311019002048,0.41973751379367075,0.24527750372074159,0.5965935881065341,0.17446001007292916,279.048719946724,8824.85359872292,322.53787828306946,9426.440196952715,7946.868384128572,0.20986610349150536,0.10493829710117836,0.10493311320098703,155.2670168368656,230.76275576163877,,26/7/2023 00:41:19
184570,DHF,2023,6,15,0.9228462637060426,0.3811289407728737,0.19516194281061083,0.541717322933169,0.18596699796226285,279.15665750564654,8824.949712166423,322.5872328581427,9426.693602530211,7946.877646890501,0.1905620610483873,0.09528579339787446,0.09528108632661192,155.22637022232914,216.4819398514083,,26/7/2023 00:41:19
184571,DHF,2023,6,16,0.8669249972366146,0.3580338556060558,0.1725286446465686,0.5088911416305589,0.18550521095948716,279.2452515956119,8825.036173010107,322.62692690174316,9426.908351507462,7946.886936324127,0.17901466446246503,0.08951180649137198,0.08950738465221876,155.1932606525982,217.01738117258517,,26/7/2023 00:41:19
184572,DHF,2023,6,17,0.8848335681781371,0.3654299679837427,0.17685483614377265,0.5194036001943944,0.18857513183997007,279.32226592809513,8825.116859780424,322.66084040373795,9427.099966112257,7946.896220945261,0.18271267389617382,0.09136090363560516,0.09135639045196374,155.16466260210066,213.48109351316833,,26/7/2023 00:41:19
184573,DHF,2023,6,18,1.011880047011268,0.41789925979421294,0.21862671713923607,0.5939807872170552,0.19927254265497688,279.40295013887135,8825.1993955672,322.69659706768283,9427.298942773756,7946.905509509748,0.20894698811245097,0.10447871643944748,0.1044735552423145,155.1346506358202,202.01742251757994,,26/7/2023 00:41:19
184574,DHF,2023,6,19,1.1042791381863668,0.45605942702132873,0.23772054031373865,0.6482197111650381,0.21833888670759008,279.50983919222114,8825.295049084245,322.7454647349615,9427.55035301143,7946.914820081236,0.22802683049336275,0.1140191145080323,0.11401348201993368,155.09448294840794,184.3720075998502,,26/7/2023 00:41:19
184575,DHF,2023,6,20,0.9522574763910084,0.39327556234822775,0.1609999051125327,0.5589819140427806,0.23227565723569504,279.635769044427,8825.400242903703,322.80386390832155,9427.83987585645,7946.924170824575,0.19663529505019364,0.0983225621920897,0.09831770510594441,155.0469540813866,173.30353415266842,,26/7/2023 00:41:19
184576,DHF,2023,6,21,1.1111053327450509,0.4588785968050507,0.24770813462576483,0.6522267359400001,0.2111704621792859,279.7302613626036,8825.489740065652,322.84655724163736,9428.066558669892,7946.933545442861,0.2294363975636093,0.11472393327361995,0.11471826596782146,155.01163748772183,190.61607513200798,,26/7/2023 00:41:19
184577,DHF,2023,6,22,0.9393083685187645,0.3879276729311081,0.19944242915483287,0.5513806955876565,0.1884852437762752,279.8575202679428,8825.595638509185,322.90564377905724,9428.358802556184,7946.942859374702,0.19396138414875802,0.09698553991012657,0.0969807488722235,154.9636471607968,213.55128842028105,,26/7/2023 00:41:19
184578,DHF,2023,6,23,0.9520098021742478,0.39317327465893087,0.2063243953038953,0.558836527515317,0.18684887935503558,279.94925767581583,8825.683798453458,322.94698261780724,9428.58003874708,7946.952113944766,0.1965841518521654,0.0982969893148116,0.09829213349195387,154.9294361178088,215.41780263549015,,26/7/2023 00:41:19
184579,DHF,2023,6,24,1.0362443275247748,0.42796153429215017,0.23633349752703356,0.6082827932326247,0.1916280367651166,280.0435843423317,8825.773269758974,322.9896257178207,9428.806479819126,7946.9613608302425,0.2139780617519209,0.10699437900492696,0.1069890935353023,154.89423891346237,210.04192778427242,,26/7/2023 00:41:19
184580,DHF,2023,6,25,0.9376475421079251,0.3872417634403672,0.19360074415300188,0.5504057786675579,0.19364101928736532,280.15527046390434,8825.87143836471,323.0409584297756,9429.067667258389,7946.970614645162,0.193618433739421,0.09681405613381759,0.09680927356712861,154.8523458417994,207.85451405725775,,26/7/2023 00:41:19
184581,DHF,2023,6,26,1.062498658786362,0.43880438630115626,0.24126317754129895,0.6236942724852058,0.1975412087598573,280.2465561617073,8825.959426549405,323.08210247629876,9429.28808518741,7946.979868457272,0.2193994192124404,0.10970519323561417,0.10969977385310167,154.8183600479406,203.74661361620133,,26/7/2023 00:41:19
184582,DHF,2023,6,27,1.0403048751414603,0.4296385115666642,0.20811110745209685,0.6106663635747961,0.22152740411456737,280.3635895009195,8826.060305783214,323.1361299333174,9429.56002521745,7946.989126023697,0.21481653978802767,0.10741363897974873,0.10740833279888781,154.77444451382317,181.681610259229,,26/7/2023 00:41:19
184583,DHF,2023,6,28,0.13641738217401442,0.056339408215398915,-0.1258702,0.0800779739586155,0.1822096086507591,280.4759972117639,8826.158893361888,323.1878566394697,9429.822747213122,7946.998429963722,0.02816934795348133,0.014085378036327539,0.014084682225590046,154.73234047511326,220.8775119245282,,26/7/2023 00:41:19
184584,DHF,2023,6,29,0.20937700998475356,0.08647121538663928,-0.105381208,0.12290579459811428,0.1918524237168578,280.4017166714406,8826.16415258103,323.14625078169337,9429.712120034164,7947.00764117809,0.04323506105839602,0.02161861113849282,0.021617543189750437,154.7623150015513,209.77303671634334,,26/7/2023 00:41:19
184585,DHF,2023,6,30,0.19021907656736942,0.07855912519575275,-0.145063851,0.11165995137161666,0.22362297653519836,280.34252897678664,8826.176945028017,323.1121849542492,9429.631658959053,7947.016869475362,0.039279065979883815,0.019640514723811356,0.019639544492057584,154.7864721525094,179.96675853574465,,26/7/2023 00:41:19
184586,DHF,2023,7,1,0.2127620851716052,0.08786922735368155,-0.139457341,0.12489285781792364,0.2273265683696786,280.2794069066321,8826.187759365796,323.07614699820516,9429.543313270631,7947.02615906206,0.04393405820426914,0.021968127182037597,0.021967041967374812,154.81215811980255,177.02815667458913,,26/7/2023 00:41:19
184587,DHF,2023,7,2,0.8812184678312285,0.36393695726224745,0.11867612580746162,0.5172815105689811,0.24526083145478583,280.2209628853953,8826.20090130522,323.0424427495642,9429.464306940179,7947.035446020267,0.18196617797361658,0.09098763701654258,0.09098314227208829,154.83604534998202,164.0768243125244,,26/7/2023 00:41:19
184588,DHF,2023,7,3,1.0456306065402647,0.43183800074129197,0.23123583881277765,0.6137926057989728,0.20060216192851432,280.3005723318631,8826.283062741335,323.0777604090198,9429.661395482219,7947.044757593922,0.21591627047108933,0.10796353180774922,0.10795819846245343,154.80657846023414,200.59413954586154,,26/7/2023 00:41:19
184589,DHF,2023,7,4,1.0218932277651398,0.42203463220084175,0.19858340733339533,0.5998585955642981,0.22345122486744642,280.4141027917665,8826.38219999008,323.13004703885684,9429.926349820702,7947.053968813407,0.2110146481736673,0.10551259814877732,0.10550738587839713,154.76402296352234,180.07801009557915,,26/7/2023 00:41:19
184590,DHF,2023,7,5,1.1299182540898571,0.46664819946475583,0.24339344685156075,0.6632700546251014,0.22325475261319508,280.52269015993096,8826.478886206029,323.1798738462706,9430.18145021223,7947.063217333587,0.23332114977727753,0.11666640647524812,0.11666064321223019,154.7233995773771,180.2297961351236,,26/7/2023 00:41:19
184591,DHF,2023,7,6,0.9954794569384136,0.4111259327858606,0.19333471750390727,0.5843535241525529,0.21779121528195336,280.6535443658282,8826.586726133617,323.2408453250464,9430.481115824492,7947.072455484088,0.20556036742642034,0.10278532145184748,0.10278024390759281,154.67421028095595,184.74423306899808,,26/7/2023 00:41:19
184592,DHF,2023,7,7,1.0142213091665406,0.4188661844060408,0.20016859497563907,0.5953551247604999,0.2186975894304017,280.7565899920625,8826.680684868345,323.2879258981371,9430.725200758545,7947.081673856877,0.2094304443058709,0.10472045661957435,0.10471528348059553,154.6357720628806,183.97235903849665,,26/7/2023 00:41:19
184593,DHF,2023,7,8,1.0452362332138427,0.4316751273634829,0.20116005164873443,0.6135611058503598,0.23051507571474847,280.8634680555458,8826.77657864428,323.33693339804995,9430.976980097876,7947.090884923639,0.21583483481180227,0.10792281194271758,0.10791748060896306,154.59587726600765,174.5349279327019,,26/7/2023 00:41:19
184594,DHF,2023,7,9,1.0533719955956868,0.43503513934047205,0.2112781289640928,0.6183368562552148,0.22375701037637927,280.9767114700244,8826.875674679644,323.3891346502995,9431.241520799967,7947.100107204538,0.21751481955970386,0.10876284630590326,0.10875747347486493,154.55355313003554,179.7989735106547,,26/7/2023 00:41:19
184595,DHF,2023,7,10,0.9832358638233416,0.4060694159436493,0.18521844916369526,0.5771664478796923,0.22085096677995406,281.091593504659,8826.975610650275,323.44216690028765,9431.509371055223,7947.10930683146,0.20303214097050312,0.10152114503385422,0.10151612993929197,154.51062267901636,182.15807570104587,,26/7/2023 00:41:19
184596,DHF,2023,7,11,0.9861450051674041,0.4072708706199335,0.18071598531987274,0.5788741345474706,0.22655488530006077,281.19195089757125,8827.068304819699,323.48794866841837,9431.748204385689,7947.118491726852,0.20363286071355058,0.1018215199196583,0.10181648998672463,154.47330269738518,177.56563495480182,,26/7/2023 00:41:19
184597,DHF,2023,7,12,0.961300239653737,0.39701015923562594,0.17423465706303792,0.564290080418111,0.222775502172588,281.29287235253105,8827.161299271314,323.53402290765104,9431.988194531497,7947.127676166729,0.19850256988533027,0.0992562462799875,0.09925134307030817,154.43578461296224,180.57104988328322,,26/7/2023 00:41:19
184598,DHF,2023,7,13,1.0124696793362034,0.41814277374912195,0.1874251886496491,0.5943269055870815,0.23071758509947285,281.3886266529314,8827.251728356296,323.5775240606242,9432.21787906985,7947.136844253247,0.20906874355051178,0.10453959720161142,0.10453443299699876,154.40027050384575,174.34882217557515,,26/7/2023 00:41:19
184599,DHF,2023,7,14,0.9963250657094317,0.4114751631917053,0.1747086521081307,0.5848499025177264,0.2367665110835746,281.49491215068,8827.34744070177,323.6263008075658,9432.468653660015,7947.146014326466,0.20573498042165395,0.10287263231370979,0.10286755045634156,154.360729635202,169.88758026475824,,26/7/2023 00:41:19
184600,DHF,2023,7,15,0.912569444672647,0.3768846876326127,0.15333798680951663,0.5356847570400344,0.22354670082309605,281.59782506223655,8827.441485986641,323.6734022669375,9432.712713315814,7947.155181686519,0.18843996130865315,0.0942246904886305,0.09422003583532904,154.322504065799,179.92616937252268,,26/7/2023 00:41:19
184601,DHF,2023,7,16,0.9536349157630883,0.39384443500828664,0.1734075890184913,0.5597904807548018,0.22043684598979535,281.68340536352645,8827.526883235643,323.7118480953384,9432.922136694508,7947.164318107041,0.1969197277840475,0.09846478566807704,0.0984599215561621,154.29094627693252,182.45779304632902,,26/7/2023 00:41:19
184602,DHF,2023,7,17,0.9398792527478396,0.3881634440558212,0.17324275938628425,0.5517158086920183,0.21492068466953695,281.77743417124674,8827.616520494428,323.7545271846167,9433.148481850292,7947.173440421556,0.1940792682206681,0.09704448489245464,0.09703969094269847,154.25616261148934,187.13420877648528,,26/7/2023 00:41:19
184603,DHF,2023,7,18,0.8655381406119139,0.35746109368766943,0.13499263851154641,0.5080770469242445,0.22246845517612301,281.86858817335997,8827.7047373628,323.7957786889782,9433.369104225138,7947.182546264172,0.17872828712403352,0.0893686106644929,0.089364195899143,154.22249679442626,180.77948524393142,,26/7/2023 00:41:19
184604,DHF,2023,7,19,0.9032052482694213,0.37301734114521606,0.13888447717463212,0.5301879071242052,0.23413286397058394,281.9443578984175,8827.785278268726,323.82934758998897,9433.558983757132,7947.191653299814,0.18650631251270477,0.09325781776138811,0.09325321087112318,154.19473890912442,171.76691589999092,,26/7/2023 00:41:19
184605,DHF,2023,7,20,0.9199538654587698,0.3799344008764347,0.16140499061272603,0.5400194645823351,0.21852941026370867,282.0278779723425,8827.86970830121,323.86679972150245,9433.764385995055,7947.200764747482,0.18996479865155028,0.09498714727158772,0.09498245495329671,154.1640236306837,184.0235525807344,,26/7/2023 00:41:19
184606,DHF,2023,7,21,0.9077876751535171,0.3749098508439506,0.16243418898114922,0.5328778243095664,0.2124756618628014,282.11482602490366,8827.955867578774,323.9059746434849,9433.976668247162,7947.209846021727,0.18745255539841588,0.09373096285446712,0.09372633259106762,154.13200896539323,189.2602584748509,,26/7/2023 00:41:19
184607,DHF,2023,7,22,1.0000392234939388,0.41300908393012575,0.19553020839378485,0.587030139563813,0.2174788755363409,282.1992300745661,8828.040770585761,323.94388669262696,9434.183887352954,7947.218911582949,0.2065019310940576,0.10325612681893803,0.10325102601713013,154.10098116576958,184.90062475259,,26/7/2023 00:41:19
184608,DHF,2023,7,23,0.8504669240328262,0.3512367884736257,0.13782194666978376,0.4992301355592005,0.21341484180384196,282.30265266953035,8828.13519867181,323.99131690233054,9434.42916824367,7947.227974739392,0.17561617386447065,0.0878124762511157,0.08780813835803937,154.06269436255172,188.41541790483282,,26/7/2023 00:41:19
184609,DHF,2023,7,24,0.8870244877483019,0.36633480217762254,0.14583275760124642,0.5206896855706794,0.22050204457637612,282.3751517299386,8828.214183012862,324.0232960513761,9434.612630794178,7947.237024943518,0.18316508527312955,0.09158712063157129,0.0915825962729217,154.03624504668332,182.35390292400857,,26/7/2023 00:41:19
184610,DHF,2023,7,25,1.0227334155591017,0.422381623781733,0.18891853614865747,0.6003517917773686,0.23346308763307552,282.4551732199149,8828.29694191931,324.0590441478075,9434.811159287032,7947.246074277591,0.21118814177057715,0.10559934928349969,0.10559413272765615,154.0069310849143,172.22425934131712,,26/7/2023 00:41:19
184611,DHF,2023,7,26,1.030216802946061,0.4254722095275441,0.20251488661185063,0.6047445934185169,0.22295732291569348,282.563188536819,8828.39371297165,324.1087976207135,9435.065699129182,7947.2551267601175,0.2127334151060898,0.1063720245735383,0.106366769847916,153.96693929628282,180.33185540739723,,26/7/2023 00:41:19
184612,DHF,2023,7,27,1.009579963285376,0.4169493415807307,0.20122006648826204,0.5926306217046452,0.21572927509246867,282.6727096721417,8828.49125660251,324.1593151574047,9435.323281432058,7947.264157808275,0.20847203501069628,0.10424122801767818,0.10423607855235625,153.92639453715034,186.36715959815436,,26/7/2023 00:41:19
184613,DHF,2023,7,28,0.9980854594128115,0.41220219326583485,0.19793581260379942,0.5858832661469766,0.21426638066203543,282.7779294224196,8828.586669339273,324.2076932978046,9435.572292059498,7947.273172860944,0.20609849086273815,0.10305439661976605,0.10304930578333064,153.88751250085036,187.6335662612592,,26/7/2023 00:41:19
184614,DHF,2023,7,29,1.010262599904285,0.41723126564731666,0.2036312085516412,0.5930313342569683,0.21360005709567545,282.8807371947736,8828.680895149222,324.2548763290927,9435.816508673088,7947.282178346126,0.208612995261783,0.10431171166635655,0.1043065587191771,153.84957029292386,188.21302593251204,,26/7/2023 00:41:19
184615,DHF,2023,7,30,1.025316367801569,0.4234483646799245,0.21066552719825402,0.6018680031216446,0.2127828374816705,282.98602191877734,8828.776378179993,324.3033084829107,9436.065708581682,7947.291175223754,0.21172150547618224,0.10586604446709827,0.10586081473664402,153.8107038942643,188.93007599961805,,26/7/2023 00:41:19
184616,DHF,2023,7,31,1.044433567098809,0.4313436319690187,0.2196279172525452,0.6130899351297903,0.2117157147164735,283.0943766954864,8828.873415448083,324.35328654709593,9436.321078690664,7947.300163536665,0.21566908921014571,0.10783993499927366,0.10783460775959933,153.77068900629166,189.8766107724692,,26/7/2023 00:41:19
184617,DHF,2023,8,1,1.0596228015070919,0.437616677706812,0.2266314242662767,0.6220061238002799,0.21098525344053531,283.20663947701763,8828.972426509667,324.4052297922683,9436.584295778952,7947.309143295176,0.21880557242346604,0.10940825499862791,0.10940285028471805,153.72920871520424,190.52835368872152,,26/7/2023 00:41:19
184823,DHF,2023,6,1,1.0899132412470354,0.4334592348810028,0.288033995812608,0.6564540063660326,0.14542523906839477,277.58213788444584,8824.241142573353,321.35856400385507,9423.181844461655,7947.638512388029,0.21672692860016246,0.1083676811213114,0.10836462515952894,155.50453690385154,240.01864742441893,,27/7/2023 00:41:19
184824,DHF,2023,6,2,0.9495035238141313,0.37761819507613853,0.23927248801101728,0.5718853287379928,0.13834570706512125,277.6972604683004,8824.340686013333,321.4113367432549,9423.449283224887,7947.6497944940675,0.18880675509164316,0.09440705112869566,0.09440438885579971,155.46085003369402,252.30222110888155,,27/7/2023 00:41:19
184825,DHF,2023,6,3,1.022962685791383,0.4068329535914376,0.261912923795639,0.6161297321999453,0.1449200297957986,277.784420739931,8824.426268723775,321.45014011718365,9423.66082958089,7947.660957785047,0.2034139531238974,0.10171093435474156,0.10170806611279866,155.42811863980714,240.8582814242685,,27/7/2023 00:41:19
184826,DHF,2023,6,4,1.033634019376368,0.411076950192135,0.27597144333204493,0.622557069184233,0.13510550686009012,277.88615630601987,8824.519155231861,321.4962404557656,9423.901551993647,7947.6722337889305,0.20553592509782762,0.1027719616285763,0.10276906346573111,155.38970664780385,258.35629088042805,,27/7/2023 00:41:19
184827,DHF,2023,6,5,0.9327972416686358,0.3709740953419182,0.23161859080162409,0.5618231463267175,0.13935550454029413,277.9899766054634,8824.613102674335,321.5433938167932,9424.146473096593,7947.683344631089,0.18548474643930454,0.09274598216673476,0.09274336673587892,155.35050028602504,250.47926559734057,,27/7/2023 00:41:19
184828,DHF,2023,6,6,1.022429951159831,0.40662108466733593,0.26431657647113427,0.615808866492495,0.1423045081962017,278.0737077245472,8824.697024043398,321.580513324021,9424.351245091966,7947.69452922478,0.20330801997611478,0.10165796571972593,0.10165509897149522,155.3191550138847,245.29027643921245,,27/7/2023 00:41:19
184829,DHF,2023,6,7,0.94534042775864,0.37596252895276444,0.23299812353284935,0.5693778988058755,0.1429644054199151,278.17523146877824,8824.789857312093,321.6265381421731,9424.591626923044,7947.705765208975,0.18797893230040733,0.09399312362626178,0.09399047302609534,155.28088148450158,244.15950838402338,,27/7/2023 00:41:19
184830,DHF,2023,6,8,0.8048792819037096,0.3201010360295977,0.18461866467109786,0.4847782458741119,0.13548237135849986,278.2613889642482,8824.875025645862,321.66489037253683,9424.801304982648,7947.71701355505,0.16004853235961167,0.08002738021853399,0.08002512345145206,155.2486188802216,257.64471588780805,,27/7/2023 00:41:19
184831,DHF,2023,6,9,0.8800270146767862,0.34998734029505524,0.2072308079043466,0.5300396743817309,0.14275653239070865,278.319584523253,8824.946228151055,321.6892706187654,9424.955083293073,7947.728136123057,0.17499149910120315,0.08749915433224671,0.08749668686160537,155.22726884031687,244.51855375984667,,27/7/2023 00:41:19
184832,DHF,2023,6,10,0.9409382728747833,0.37421178897129503,0.23138847354682676,0.5667264839034882,0.14282331542446827,278.3927017474788,8825.024902359159,321.72111821086025,9425.138722317497,7947.73938388528,0.18710357316988702,0.09355542702927899,0.09355278877212903,155.20011009414893,244.40563252215802,,27/7/2023 00:41:19
184833,DHF,2023,6,11,0.897921886774349,0.35710414305894134,0.22203571100359779,0.5408177437154077,0.13506843205534355,278.4779042824241,8825.109632761285,321.75901639554394,9425.346553439254,7947.750633911801,0.17854985633609655,0.08927840218408174,0.08927588453876305,155.16825386125365,258.43954517663394,,27/7/2023 00:41:19
184834,DHF,2023,6,12,0.9458530346294933,0.37616639305279204,0.2524078935644887,0.5696866415767013,0.12375849948830334,278.5545219135587,8825.190086053835,321.7926311199793,9425.537239087373,7947.761753344359,0.18808086308580838,0.09404409100221345,0.09404143896477021,155.13975324157377,282.0601021780176,,27/7/2023 00:41:19
184835,DHF,2023,6,13,1.0004186348143045,0.3978671692355543,0.27001709900956783,0.6025514655787502,0.1278500702259865,278.64064250682793,8825.275304954752,321.83100558382245,9425.746953045402,7947.772682309106,0.1989311165626337,0.09946942885227475,0.09946662382064586,155.10756515852736,273.0370437633058,,27/7/2023 00:41:19
184836,DHF,2023,6,14,1.056470786398224,0.4201591479174545,0.2854055341083269,0.6363116384807693,0.13475361380912762,278.73758183055696,8825.3659491083,321.87479859411485,9425.978329532973,7947.783683519315,0.21007696762167244,0.10504257124483772,0.10503960905094435,155.07118278261262,259.0521876046287,,27/7/2023 00:41:19
184837,DHF,2023,6,15,0.9592885680591453,0.3815097138055262,0.23977506728385664,0.5777788542536191,0.14173464652166953,278.84563152231095,8825.462166313597,321.92415701387546,9426.231954849782,7947.794804689771,0.190752490316414,0.09537995659894055,0.09537726689017162,155.03049909983562,246.29500342510198,,27/7/2023 00:41:19
184838,DHF,2023,6,16,0.90115323125121,0.3583892509478726,0.21693022334697845,0.5427639803033375,0.14145902760089415,278.93431718695933,8825.54872080803,321.96384455295185,9426.446882547942,7947.806046727197,0.17919240230876315,0.08959968767232934,0.08959716096678011,154.99736090380165,246.77643565103256,,27/7/2023 00:41:19
184839,DHF,2023,6,17,0.9197707632188074,0.36579345603195246,0.2224843630818616,0.5539773071868549,0.14330909295009087,279.0114103016812,8825.629494946981,321.9977451205491,9426.63865036921,7947.817285313423,0.18289445892093542,0.09145078800873958,0.09144820910227745,154.96873946540302,243.59220814018224,,27/7/2023 00:41:19
184840,DHF,2023,6,18,1.0518491695885077,0.4183211277793004,0.26862003779083105,0.6335280418092073,0.14970108998846937,279.0921772543573,8825.712120105494,322.0334908718155,9426.837788231667,7947.828556746541,0.20915796895422736,0.10458305403030496,0.10458010479476809,154.9387025295044,233.19253482638868,,27/7/2023 00:41:19
184841,DHF,2023,6,19,1.1479153104209319,0.45652669711025906,0.2956088212952478,0.6913886133106728,0.1609178758150113,279.19917815366114,8825.807877447403,322.08236233510934,9427.089417936175,7947.839938427627,0.2282605166223889,0.11413469953960441,0.11413148094826576,154.89849810685234,216.93851837841308,,27/7/2023 00:41:19
184842,DHF,2023,6,20,0.9898755780868151,0.39367418842804,0.22468523793875836,0.5962013896587752,0.16898895048928161,279.32524243472596,8825.913186339065,322.14077672027196,9427.379205494064,7947.8515121758355,0.19683465216883322,0.09842115586480171,0.09841838039440504,154.85092345522787,206.57704209453624,,27/7/2023 00:41:19
184843,DHF,2023,6,21,1.1550093343940928,0.4593479952533253,0.3026124566606013,0.6956613391407676,0.15673553859272402,279.41983470759476,8826.002781581743,322.18346789976385,9427.606084189101,7947.863223049466,0.22967114819280654,0.11484004277124607,0.1148368042892727,154.81557509682767,222.72598302338815,,27/7/2023 00:41:19
184844,DHF,2023,6,22,0.9763998382225418,0.3883148775490016,0.24504256916579112,0.5880849606735402,0.1432723083832105,279.5472288525525,8826.108795621732,322.2425701179945,9427.89859459228,7947.874723218329,0.19415502997426556,0.09708129263053696,0.0970785549441991,154.76753880580046,243.6555216495289,,27/7/2023 00:41:19
184845,DHF,2023,6,23,0.9896022291563762,0.3935654773731051,0.2512745660883969,0.5960367517832711,0.14229091128470822,279.6390602487746,8826.197050805567,322.2839038627748,9428.120014917118,7947.885993522735,0.1967802973157236,0.09839397738067332,0.09839120267670817,154.7332984672704,245.33746251711608,,27/7/2023 00:41:19
184846,DHF,2023,6,24,1.0771729775617687,0.42839242337692424,0.283229381717462,0.6487805541848444,0.14516304165946226,279.7334832989764,8826.286618585898,322.32654310495445,9428.34664498983,7947.8972482215995,0.21419355427863868,0.10710094466908993,0.10709792442919563,154.69807103933624,240.48481716545808,,27/7/2023 00:41:19
184847,DHF,2023,6,25,0.9746735531421666,0.38762833280231146,0.2412582589465895,0.5870452203398552,0.14637007385572195,279.84528504414726,8826.384893243949,322.3778816927151,9428.608059980812,7947.908553199969,0.19381176185970458,0.09690965189434339,0.09690691904826348,154.65614006481994,238.50288004380928,,27/7/2023 00:41:19
184848,DHF,2023,6,26,1.104467056322248,0.4392472970022439,0.29054859477251527,0.6652197593200042,0.14869870222972867,279.9366640737218,8826.47297651095,322.4190203940217,9428.828660978694,7947.919879784679,0.21962092375619605,0.10981473500732938,0.10981163823871848,154.6221253754441,234.7689925956664,,27/7/2023 00:41:19
184849,DHF,2023,6,27,1.0814006268573622,0.4300737623676466,0.26727188763982956,0.6513268644897156,0.16280187472781704,280.0538188174122,8826.57396477298,322.47305669792615,9429.10084028832,7947.931247028008,0.21503421334429448,0.10752129055848701,0.10751825846486511,154.57816974411594,214.43225253594252,,27/7/2023 00:41:19
184850,DHF,2023,6,28,0.14179307245353653,0.05639120103432702,-0.083114552,0.0854018714192095,0.1395057528561245,280.16634396813697,8826.672659489574,322.52479027430513,9429.363793732015,7947.942855964439,0.028195250710482987,0.01409817394573069,0.014097776378113346,154.53602728309556,250.2398844385965,,27/7/2023 00:41:19
184851,DHF,2023,6,29,0.2176293629697409,0.08655134518099013,-0.058761492,0.13107801778875078,0.1453128376374846,280.09198896825995,8826.67793099086,322.483094419195,9429.253014378313,7947.954066047479,0.043275135693989976,0.021638409844397473,0.02163779964260268,154.5660403125593,240.24141856688692,,27/7/2023 00:41:19
184852,DHF,2023,6,30,0.19771644749797845,0.07863196519918121,-0.085396707,0.11908448229879724,0.16402867252914013,280.0327410697828,8826.690742722772,322.44894580032417,9429.17242959288,7947.96537681861,0.03931549482869329,0.019658512369649314,0.01965795800083861,154.59023026917214,212.83071066086112,,27/7/2023 00:41:19
184853,DHF,2023,7,1,0.2211486380380305,0.08795096326131661,-0.078225964,0.13319767477671388,0.166176927140394,279.96955521715245,8826.7015745444,322.4128232471884,9429.083953008741,7947.977008552169,0.04397493605202293,0.021988323639317728,0.02198770356997596,154.61595051989906,210.07881708949157,,27/7/2023 00:41:19
184854,DHF,2023,7,2,0.9160226093401247,0.36430281269357895,0.1878405312457114,0.5517197966465457,0.17646228144786755,279.91105193388034,8826.714736166465,322.3790366884698,9429.004824788815,7947.988675928076,0.18214914649852804,0.09107811729611122,0.09107554889893969,154.63987024482407,197.83341093886847,,27/7/2023 00:41:19
184855,DHF,2023,7,3,1.086933869970028,0.4322743369044626,0.28173121377554344,0.6546595330655653,0.15054312312891915,279.9907442752128,8826.796987569025,322.41434381982407,9429.202075664061,7948.000517701804,0.21613448696206794,0.1080714487752218,0.10806840116717285,154.61037866649497,231.89284373695622,,27/7/2023 00:41:19
184856,DHF,2023,7,4,1.062261581544056,0.4224621510724517,0.25851529693135067,0.6397994304716043,0.16394685414110105,280.104392786947,8826.896232220812,322.4666376956585,9429.467262703418,7948.011914415355,0.2112284549131497,0.10561833729488086,0.10561535886442115,154.56778440234635,212.93470788777833,,27/7/2023 00:41:19
184857,DHF,2023,7,5,1.174567392013975,0.46712624802688835,0.3032889492672951,0.7074411439870866,0.16383729875959324,280.21309366747664,8826.993023661875,322.5164694828616,9429.722586812213,7948.023540458606,0.23356022632942244,0.11678465750872619,0.11678136418873972,154.52712414576297,213.07657477332012,,27/7/2023 00:41:19
184858,DHF,2023,7,6,1.034799161195715,0.41154032788352274,0.25087639927191796,0.6232588333121922,0.16066392861160475,280.3440865312653,8827.100981326359,322.57745865497765,9430.022526512603,7948.0351636509695,0.20576761106909044,0.10288780912208476,0.10288490769234754,154.47788801909527,217.28466313551655,,27/7/2023 00:41:19
184859,DHF,2023,7,7,1.0542827783661641,0.41928897563988415,0.2580925925518993,0.63499380272628,0.1611963830879848,280.4472388320251,8827.1950420345,322.6245408200675,9430.266821686593,7948.046731752632,0.209641886880752,0.10482502240908102,0.10482206635005113,154.43941578671942,216.56670895723244,,27/7/2023 00:41:19
184860,DHF,2023,7,8,1.0865302375442056,0.4321138120150961,0.2640656945935831,0.6544164255291096,0.16804811742151296,280.55422765140514,8827.291039861866,322.67355199906143,9430.518819512332,7948.058308345276,0.21605422551315503,0.10803131648913103,0.10802827001281001,154.39948540665154,207.73648913657541,,27/7/2023 00:41:19
184861,DHF,2023,7,9,1.0949853586584444,0.4354764194138381,0.271330298186923,0.6595089392446063,0.1641461212269151,280.667589647932,8827.390243887316,322.72576090326396,9430.783594438511,7948.070001126465,0.2177355083535532,0.10887199062178174,0.10886892043850313,154.35712265110988,212.67384084361112,,27/7/2023 00:41:19
184862,DHF,2023,7,10,1.0220698889130013,0.40647788766769066,0.24401492037561096,0.6155920012453107,0.1624629672920797,280.7825914330177,8827.490288487694,322.7788014262628,9431.051681346973,7948.081625955501,0.20323642236457382,0.10162216552089211,0.10161929978222474,154.31415318006873,214.8766720438015,,27/7/2023 00:41:19
184863,DHF,2023,7,11,1.0250959782830205,0.40768136546149125,0.24190603907268424,0.6174146128215292,0.16577532638880701,280.88305203761547,8827.583083162926,322.8245831531141,9431.290718353657,7948.093221137304,0.20383815379604392,0.10192304294441955,0.10192016872102778,154.27680078776106,210.58285665360722,,27/7/2023 00:41:19
184864,DHF,2023,7,12,0.9992665038714039,0.39740896597854924,0.23381907610267466,0.6018575378928547,0.16358988987587458,280.98407760170403,8827.676178622787,322.8706578291136,9431.530914053605,7948.104871952862,0.19870201777646387,0.09935487500165145,0.09935207320043392,154.2392499929058,213.39543638100437,,27/7/2023 00:41:19
184865,DHF,2023,7,13,1.0524660173730886,0.41856644856138103,0.2503787848703378,0.6338995688117076,0.1681876636910432,281.0799300510383,8827.76670582161,322.9141564391246,9431.760792311774,7948.116484401684,0.2092806278234903,0.10464438585149054,0.1046414348864002,154.20370557467533,207.56136720579474,,27/7/2023 00:41:19
184866,DHF,2023,7,14,1.0356848994247552,0.4118925865776417,0.24022378435493943,0.6237923128471135,0.17166880222270228,281.1863260252178,8827.862522440757,322.96293688598786,9432.011785351962,7948.1281741887215,0.20594373823101403,0.1029758761299245,0.10297297221670319,154.16412959380898,203.35158434323472,,27/7/2023 00:41:19
184867,DHF,2023,7,15,0.9486059182656423,0.37726121674103,0.21320988632456625,0.5713447015246123,0.16405133041646378,281.28934616532047,8827.956670454365,323.01004043164164,9432.256057051327,7948.139921735225,0.18862826813850186,0.09431780417933287,0.09431514442319529,154.12587025369783,212.79276482484372,,27/7/2023 00:41:19
184868,DHF,2023,7,16,0.9912944403695342,0.39423847091970454,0.23198949874460845,0.5970559694498296,0.1622489721750961,281.3750131265144,8828.042160301875,323.0484780010496,9432.46565142944,7948.151537931868,0.1971167899143004,0.09856223022704448,0.09855945077835966,154.09428681477505,215.1561063179688,,27/7/2023 00:41:19
184869,DHF,2023,7,17,0.9769917935082244,0.3885502985673958,0.22951515964653052,0.5884414949408286,0.1590351389208653,281.4691372525116,8828.131894489941,323.0911532274895,9432.692184969943,7948.163122561347,0.19427273902309572,0.0971401494451982,0.09713741009910189,154.05947413127834,219.50371558645625,,27/7/2023 00:41:19
184870,DHF,2023,7,18,0.8997102706216964,0.3578153845273519,0.1943771395099817,0.5418948860943444,0.1634382450173702,281.56038287504003,8828.22020650749,323.13239903085366,9432.912988413385,7948.174651878385,0.17890547265831905,0.08945621726436281,0.08945369460467004,154.02578078391542,213.59013267145605,,27/7/2023 00:41:19
184871,DHF,2023,7,19,0.9388728307459797,0.3733903612365352,0.2032099608776303,0.5654824695094446,0.1701804003589049,281.6362278322546,8828.30083450455,323.16595398360323,9433.103016320407,7948.186255611043,0.18669286439799915,0.09335006465223995,0.09334743218629608,153.99800182591116,205.12777973318387,,27/7/2023 00:41:19
184872,DHF,2023,7,20,0.9562810695189696,0.38031362959735676,0.2191582613225467,0.5759674399216129,0.16115536827481006,281.71983241941825,8828.385356268365,323.20339686925604,9433.308585557039,7948.197972935609,0.19015445563189542,0.09508092762081595,0.09507824634464539,153.96726187761135,216.61434584807495,,27/7/2023 00:41:19
184873,DHF,2023,7,21,0.9436309467592392,0.3752826672004694,0.2176626799670035,0.5683482795587698,0.15761998723346587,281.8068679957412,8828.471608810629,323.24256409181453,9433.521040898184,7948.209535464038,0.1876390056415875,0.09382315368295331,0.09382050787592856,153.93522139373593,221.47273080603247,,27/7/2023 00:41:19
184874,DHF,2023,7,22,1.0395347654198424,0.4134236808936588,0.25287299803012053,0.6261110845261836,0.16055068286353827,281.8913562641424,8828.556603492703,323.2804668003582,9433.728426557205,7948.2210374395645,0.2067092758913169,0.10335865985502005,0.10335574514732182,153.90416909618529,217.43005332549583,,27/7/2023 00:41:19
184875,DHF,2023,7,23,0.8840398755055845,0.3515832577669309,0.19340489433369465,0.5324566177386536,0.15817836343323624,281.99488387726194,8828.651133595955,323.3278981893758,9433.973915662593,7948.232588930623,0.1757894479373238,0.08789814427586987,0.08789566555373723,153.86584972783217,220.69084964167905,,27/7/2023 00:41:19
184876,DHF,2023,7,24,0.9220446654044421,0.3666977884726261,0.20437729297724025,0.555346876931816,0.16232049549538582,282.0674537678591,8828.730203089099,323.35986129363374,9434.15751815059,7948.244099694548,0.18334661953150466,0.091676877111641,0.0916742918294804,153.83938119377746,215.05925775293466,,27/7/2023 00:41:19
184877,DHF,2023,7,25,1.0631318238150183,0.4228082470135384,0.25298641291113205,0.6403235768014799,0.16982183410240637,282.14755426704374,8828.813051236008,323.3955974948633,9434.356202997915,7948.255680437806,0.21140150073678599,0.10570486357362388,0.10570188270312855,153.8100448573033,205.55940630040297,,27/7/2023 00:41:19
184878,DHF,2023,7,26,0.8988158621654531,0.3574596776779969,0.19475857985857664,0.5413561844874561,0.16270109781942027,282.2556803279724,8828.90992728653,323.4453551049535,9434.610962719456,7948.26738761659,0.1787276214401671,0.08936728819486421,0.0893647680429656,153.7700184161978,214.55491755256315,,27/7/2023 00:41:19
184879,DHF,2023,7,27,0.9174564769504306,0.3648730628141965,0.21329555893296426,0.5525834141362341,0.15157750388123226,282.33109293185043,8828.990465664798,323.4787669928041,9434.800325589453,7948.278972580062,0.18243426802145338,0.0912206836051378,0.09121811118760534,153.74249833975972,230.29978519502578,,27/7/2023 00:41:19
184880,DHF,2023,7,28,0.9333185530763131,0.37118142124214115,0.22424824851380248,0.5621371318341719,0.14693317272833867,282.410184578775,8829.072857357938,323.5140264438698,9434.997068380584,7948.290368429157,0.1855884081033293,0.09279781501567537,0.09279519812313648,153.7135846731291,237.579905429207,,27/7/2023 00:41:19
184881,DHF,2023,7,29,0.9449235758429437,0.3757967466633141,0.23073400163941846,0.5691268291796296,0.14506274502389563,282.49240141559386,8829.156826100096,323.5508568823312,9435.20008439802,7948.301686085837,0.18789604218406486,0.09395167695531108,0.09394902752393815,153.68349032093937,240.6444032189943,,27/7/2023 00:41:19
184882,DHF,2023,7,30,0.9603330139338104,0.3819250906378959,0.23829341948718036,0.5784079232959145,0.14363167115071557,282.5768957923819,8829.241948620225,323.588834778888,9435.407679191494,7948.312972979261,0.1909601761559277,0.09548380355960745,0.09548111092236078,153.65253988625773,243.04342227097274,,27/7/2023 00:41:19
184883,DHF,2023,7,31,0.9728801406090909,0.38691509142217795,0.24356105103582767,0.585965049186913,0.14335404038635027,282.6644233753744,8829.328603181837,323.6283381890389,9435.62136474625,7948.32423672212,0.19345514559402652,0.09673133682287878,0.09672860900527265,153.62044657452196,243.51562480873193,,27/7/2023 00:41:19
184884,DHF,2023,8,1,0.9716989350746491,0.3864453251804076,0.24296497868116862,0.5852536098942416,0.14348034649923896,282.7544138897827,8829.416505190058,323.66908226356946,9435.840001343411,7948.335496997774,0.19322026538720175,0.09661389214943979,0.09661116764376605,153.5874291087142,243.3027923501005,,27/7/2023 00:41:19
184885,DHF,2023,8,2,0.962886637420019,0.38294066842942703,0.2412667229626934,0.5799459689905919,0.14167394546673365,282.84413658444663,8829.504289665703,323.70970184841246,9436.058128098563,7948.346760686842,0.19146795875184683,0.09573770473741205,0.09573500494016815,153.5545282249504,246.4065487806139,,27/7/2023 00:41:19
185090,DHF,2023,6,1,1.1642936572863778,0.4322428690694862,0.27042179351138973,0.7320507882168915,0.16182107555809652,277.46604062860473,8822.795005957392,322.6563335255374,9422.917380111534,7945.679759041886,0.21611944535967692,0.10806674244259845,0.10805668126721085,156.09209475592058,243.46989980599128,,28/7/2023 01:01:29
185091,DHF,2023,6,2,1.0142698651421755,0.37654668457232715,0.2236151363301082,0.6377231805698484,0.15293154824221894,277.580907237716,8822.89424990483,322.7090749382784,9423.184232080825,7945.687541291216,0.1882716094240857,0.09414191995091188,0.09413315519732958,156.04834118862328,257.62179942503394,,28/7/2023 01:01:29
185092,DHF,2023,6,3,1.0927559007934613,0.4056845477046153,0.2445016856320888,0.687071353088846,0.16118286207252652,277.66788409379825,8822.979568930532,322.7478837831142,9423.395336807445,7945.695380330003,0.20284040689822974,0.10142679189622203,0.10141734891016355,156.01555130021598,244.43425466120178,,28/7/2023 01:01:29
185093,DHF,2023,6,4,1.1041430440204227,0.40991201336856015,0.26103059011339935,0.6942310306518626,0.14888142325516077,277.7693980077827,8823.072172742859,322.7939701683868,9423.635540919027,7945.703166738478,0.20495412027547005,0.10248371724023962,0.10247417585285047,155.97707669406043,264.6305061966852,,28/7/2023 01:01:29
185094,DHF,2023,6,5,0.9964133855700106,0.369917484186797,0.2157243898253125,0.6264959013832135,0.15419309436148448,277.87298859071296,8823.165833387928,322.84110547968555,9423.879927458325,7945.711031956518,0.18495703973879918,0.09248452744792933,0.09247591700006848,155.93780814006226,255.51571185740536,,28/7/2023 01:01:29
185095,DHF,2023,6,6,1.0921738179900689,0.4054684500393917,0.24757742716854644,0.6867053679506772,0.15789102287084525,277.9565442908576,8823.249494749542,322.87823445139003,9424.084273491788,7945.718863828683,0.2027323590600961,0.10137276446765982,0.10136332651163578,155.9064057376898,249.53191015397377,,28/7/2023 01:01:29
185096,DHF,2023,6,7,1.0098110262084883,0.3748913450268831,0.2161722317569459,0.6349196811816051,0.1587191132699372,278.057844819199,8823.342044264515,322.92424446732264,9424.324133551036,7945.726672263717,0.18744394726921101,0.09372806199022957,0.09371933576744251,155.86807047362308,248.2301428452771,,28/7/2023 01:01:29
185097,DHF,2023,6,8,0.8597430818481315,0.31917876906313253,0.16983063574628254,0.5405643127849991,0.14934813331684998,278.1438199691867,8823.426948984461,322.96260260468694,9424.533371558335,7945.7344753745465,0.15958791567575725,0.07979914140340912,0.07979171198396616,155.8357502737605,263.8055917075336,,28/7/2023 01:01:29
185098,DHF,2023,6,9,0.9400267311908036,0.348983994500953,0.19052791244711867,0.5910427366898506,0.15845608205383435,278.2019077135513,8823.497924698915,322.9870265422596,9424.686858954727,7945.742338647125,0.1744903912314763,0.08725086322768459,0.08724274004179212,155.81435012344073,248.64339844597933,,28/7/2023 01:01:29
185099,DHF,2023,6,10,1.0050981389282085,0.37314169028395766,0.2146026879076404,0.6319564486442508,0.15853900237631727,278.2748767361069,8823.576352064218,323.01889732072095,9424.870126121044,7945.750144161672,0.18656912794963257,0.09329062391548648,0.09328193841883861,155.7871375236867,248.51341923102976,,28/7/2023 01:01:29
185100,DHF,2023,6,11,0.959134722247968,0.35607781728785426,0.20724874686446643,0.6030569049601138,0.14882907042338783,278.3598978675436,8823.660819111781,323.0568018337253,9425.07751881305,7945.757949084258,0.17803726997926309,0.08902441780753412,0.08901612950105706,155.7552245932822,264.72704083205167,,28/7/2023 01:01:29
185101,DHF,2023,6,12,1.010331075723592,0.37508441289516525,0.24028327847336534,0.6352466628284267,0.13480113442179992,278.4363561151206,8823.74101986877,323.09043403957173,9425.267810023463,7945.765816346366,0.18754048031485662,0.09377633164853653,0.0937676009317721,155.72666991728232,292.2770456638423,,28/7/2023 01:01:29
185102,DHF,2023,6,13,1.0686208318776087,0.39672442723321105,0.2568679272552592,0.6718964046443977,0.13985649997795183,278.5222896719091,8823.825972459399,323.1288119510408,9425.47707408235,7945.773774501398,0.19836038789686486,0.09918663688031072,0.09917740245603547,155.69442614065127,281.7155194552219,,28/7/2023 01:01:29
185103,DHF,2023,6,14,1.1285073247562256,0.41895722850148753,0.27052261137486006,0.7095500962547381,0.14843461712662748,278.61901177742817,8823.916335270307,323.172593084636,9425.707940132372,7945.781702151402,0.2094766862159919,0.10474514710769425,0.1047353951778014,155.65798569092613,265.4375353110963,,28/7/2023 01:01:29
185104,DHF,2023,6,15,1.0246865331061576,0.38041386225445056,0.22324586228376833,0.644272670851707,0.15716799997068223,278.72681488546044,8824.012256501079,323.22192470524203,9425.96099609178,7945.789576464147,0.19020518046845492,0.09510876827730176,0.09509991350869389,155.61724084411483,250.68924087806417,,28/7/2023 01:01:29
185105,DHF,2023,6,16,0.9625752285741505,0.3573551018596409,0.2005339875543579,0.6052201267145095,0.15682111430528303,278.8153071482627,8824.098541257099,323.26161238690867,9426.17546079227,7945.797395826657,0.17867590638711242,0.08934375675496964,0.08933543871755886,155.58404607551552,251.24401685740852,,28/7/2023 01:01:29
185106,DHF,2023,6,17,0.9824639644806877,0.3647387753999086,0.20559492078603703,0.6177251890807791,0.1591438546138716,278.89223784440986,8824.179060915314,323.2955287898428,9426.366827549566,7945.80521749921,0.18236770917769368,0.09118977806348558,0.09118128815872936,155.55537115544712,247.57735268271028,,28/7/2023 01:01:29
185107,DHF,2023,6,18,1.123573248297136,0.41712545749463,0.24992406392482094,0.706447790802506,0.16720139356980904,278.9728322698177,8824.261426514317,323.3312852276881,9426.565544011823,7945.813024448308,0.20856080914234532,0.10428717882232252,0.10427746952996214,155.52527987523553,235.6464665438424,,28/7/2023 01:01:29
185108,DHF,2023,6,19,1.22622069881909,0.4552332220079984,0.2737827558838823,0.7709874768110917,0.18145046612411608,279.0795903846931,8824.356889431714,323.3801317169244,9426.816611533332,7945.820779792901,0.2276145160276806,0.11381465114730228,0.11380405483301549,155.48501416000113,217.14061713954027,,28/7/2023 01:01:29
185109,DHF,2023,6,20,1.0573768888101516,0.3925501244868926,0.20076557256025504,0.664826764323259,0.19178455192663754,279.2053632483101,8824.461879725972,323.43849641736284,9427.105739391644,7945.828443066104,0.1962732557337829,0.09814300300675502,0.09813386574635466,155.43737220346466,205.43803137309294,,28/7/2023 01:01:29
185110,DHF,2023,6,21,1.2337898486826941,0.4580432614108466,0.2819255658273252,0.7757465872718475,0.17611769558352144,279.2997489546321,8824.551198267098,323.48118092283926,9427.33212814457,7945.836037550194,0.2290195227973465,0.11451720016807587,0.11450653844542424,155.40196466299943,223.70958808801512,,28/7/2023 01:01:29
185111,DHF,2023,6,22,1.0429489302340724,0.38719375913120113,0.228102843600349,0.6557551711028713,0.15909091553085214,279.4268464848099,8824.656890916069,323.5402307833066,9427.623968184185,7945.843728973605,0.19359509770584843,0.09680383700369741,0.0967948244216553,155.35386131467476,247.65019734975346,,28/7/2023 01:01:29
185112,DHF,2023,6,23,1.0570482255681195,0.3924281085832549,0.23457123184986228,0.6646201169848647,0.1578568767333926,279.5184732094982,8824.744870096181,323.58155880641283,9427.844902112092,7945.851528274982,0.1962122483434794,0.09811249733002586,0.09810336290974964,155.3195646532754,249.58624914332728,,28/7/2023 01:01:29
185113,DHF,2023,6,24,1.1506045168337333,0.42716078921161177,0.26569320677380726,0.7234437276221216,0.16146758243780449,279.61268364842334,8824.834157848642,323.62418828285047,9428.071029779916,7945.85933547265,0.21357842881839323,0.10679615163735069,0.10678620875586785,155.28428059650665,244.005260415102,,28/7/2023 01:01:29
185114,DHF,2023,6,25,1.0410994471529935,0.3865071403660312,0.22351997632689485,0.6545923067869623,0.16298716403913632,279.7242258885742,8824.93212916612,323.6754932968601,9428.331848351554,7945.86711945994,0.19325179148307278,0.09663217274140044,0.09662317614155795,155.24228848409388,241.73010564458713,,28/7/2023 01:01:29
185115,DHF,2023,6,26,1.179760103281539,0.4379847718527051,0.2720604023268973,0.7417753314288339,0.16592436952580783,279.81540078742415,8825.019936406732,323.71662648267227,9428.551963676828,7945.874893375589,0.21899037032713764,0.10950229817667075,0.10949210334889674,155.20821783960025,237.45059886709086,,28/7/2023 01:01:29
185116,DHF,2023,6,27,1.1551263208736688,0.42883950449049335,0.24499368033176872,0.7262868163831755,0.18384582415872464,279.9322809935975,8825.120613684972,323.7706215439373,9428.823516222508,7945.882647911475,0.2144177787324122,0.10721585385723427,0.10720587190084689,155.16419988380304,214.3030538800293,,28/7/2023 01:01:29
185117,DHF,2023,6,28,0.1514342039992185,0.056219798503785876,-0.098138317,0.09521440549543263,0.15435811520441192,280.0445459562813,8825.219004418215,323.8223211169972,9429.085871491494,7945.890286021889,0.02810964052924088,0.01405573329217083,0.014054424682374167,155.1219955648088,255.23930119197055,,28/7/2023 01:01:29
185118,DHF,2023,6,29,0.23243039682865485,0.08628955500653869,-0.075360859,0.14614084182211617,0.16165041400022365,279.9704618130606,8825.224234932502,323.7808603796134,9428.975557125175,7945.898112206736,0.04314438040005822,0.021573591570064703,0.021571583036415768,155.15198497389147,243.72571846918873,,28/7/2023 01:01:29
185119,DHF,2023,6,30,0.21116369396344783,0.07839431259533287,-0.107016479,0.13276938136811497,0.1854107918072354,279.9114394444772,8825.236983299837,323.7469239084925,9428.895346652807,7945.905891537139,0.03919679552824,0.019599670912887838,0.019597846154205036,155.17614909927087,212.49209596548604,,28/7/2023 01:01:29
185120,DHF,2023,7,1,0.23619118941933967,0.08768574553733795,-0.100474407,0.14850544388200174,0.18816015303462377,279.8484910294496,8825.247757733767,323.7110195184598,9428.807268281676,7945.913516720503,0.04384246924021036,0.02192265866472262,0.02192061763240497,155.20184399431741,209.38457296539718,,28/7/2023 01:01:29
185121,DHF,2023,7,2,0.9784635451649057,0.36325362368434844,0.16185933711019468,0.6152099214805573,0.20139428657415376,279.79021125925334,8825.260855144674,323.67744405525013,9428.728510459177,7945.92112100073,0.18162514015455908,0.09081846943257829,0.09081001409721107,155.22573760471101,195.62265608899224,,28/7/2023 01:01:29
185122,DHF,2023,7,3,1.1610340477201353,0.4310327422409652,0.26278695294663984,0.7300013054791701,0.16824578929432538,279.8697354274102,8825.342848353252,323.7127637445855,9428.925347525246,7945.928635744371,0.21551438751440155,0.10776419386711314,0.10775416085945053,155.1961915140038,234.1602818230518,,28/7/2023 01:01:29
185123,DHF,2023,7,4,1.1346825784242844,0.4212497853199578,0.23595095127943772,0.7134327931043266,0.1852988340405201,279.98311982298793,8825.44178720427,323.76502152557777,9429.189928552836,7945.936361867568,0.21062295407491557,0.10531831826901385,0.1053085129760284,155.1535356352746,212.60963730949737,,28/7/2023 01:01:29
185124,DHF,2023,7,5,1.254668139196023,0.46579430612046135,0.2806374336736645,0.7888738330755617,0.18515687244679685,280.09157140892165,8825.538280080751,323.8148246997638,9429.444676189438,7945.94397551024,0.23289500948196468,0.11645506938983594,0.11644422724866074,155.112814459485,212.76999250000534,,28/7/2023 01:01:29
185125,DHF,2023,7,6,1.105332877848509,0.41035373800078606,0.22925310486123326,0.694979139847723,0.1811006331395528,280.22225547413757,8825.645909611861,323.87575505011034,9429.74392013611,7945.951587125587,0.205174980558773,0.10259415455564073,0.10258460288637232,155.0635113681584,217.53285929959748,,28/7/2023 01:01:29
185126,DHF,2023,7,7,1.1261452327076615,0.418080304163982,0.23630177862970142,0.7080649285436795,0.1817785255342806,280.3251718212348,8825.739678120508,323.9228153303716,9429.987665272114,7945.959222477669,0.2090382280828316,0.10452590379958165,0.10451617228156876,155.02498025747076,216.71938447693478,,28/7/2023 01:01:29
185127,DHF,2023,7,8,1.1606027219284363,0.43087261296727136,0.2403251088011808,0.729730108961165,0.19054750416609056,280.4319138596491,8825.83537828463,323.9717991121497,9430.23909125643,7945.966850941564,0.21543432361446702,0.10772415931659521,0.10771413003620914,154.98499017556392,206.74377134527253,,28/7/2023 01:01:29
185128,DHF,2023,7,9,1.1696278217150613,0.43422317233946744,0.24867831655051653,0.7354046493755938,0.1855448557889509,280.5450130413179,8825.934276608567,324.02397245404455,9430.503262103928,7945.974419024379,0.21710958788134216,0.10856184586419106,0.10855173859393423,154.94256559679175,212.31481049336375,,28/7/2023 01:01:29
185129,DHF,2023,7,10,1.0917230139540715,0.40530108948676125,0.22191027354984164,0.6864219244673102,0.1833908159369196,280.6597462151292,8826.034012520153,324.0769744600503,9430.770733195333,7945.9820166078935,0.20264867955397148,0.10133092199660858,0.10132148793618119,154.8995343886093,214.8059023546843,,28/7/2023 01:01:29
185130,DHF,2023,7,11,1.0949572139758357,0.4065017830470184,0.21887447883093794,0.6884554309288172,0.18762730421608045,280.7599766122129,8826.126517408136,324.12273712888765,9431.009231149237,7945.989625530353,0.20324902080852666,0.10163111212353451,0.10162165011495722,154.86212436216348,209.95335015051077,,28/7/2023 01:01:29
185131,DHF,2023,7,12,1.0673589521349747,0.39625595562644467,0.21142807286875,0.67110299650853,0.18482788275769466,280.86077077450034,8826.219322393743,324.1687921144843,9431.248885282726,7945.997203586674,0.19812615424938076,0.09906951244843966,0.09906028892862424,154.82451565007565,213.13046005463312,,28/7/2023 01:01:29
185132,DHF,2023,7,13,1.1241991598942866,0.4173578265562007,0.2266405847480221,0.706841333338086,0.1907172418081786,280.9564052884489,8826.30956568687,324.21227784336105,9431.47824881868,7946.004797092781,0.20867699260377193,0.10434527432678375,0.104335559625645,154.7889148507747,206.54649163654292,,28/7/2023 01:01:29
185133,DHF,2023,7,14,1.106274526794002,0.4107033242407429,0.21551352927401687,0.695571202553259,0.19518979496672603,281.06255574182956,8826.405084651631,324.26103138786726,9431.728671781328,7946.012348367309,0.20534977206996075,0.10268155598862737,0.10267199618215479,154.74927938645715,201.8107041367406,,28/7/2023 01:01:29
185134,DHF,2023,7,15,1.013230569453286,0.37616084707543296,0.1907484493866036,0.637069722377853,0.18541239768882936,281.1653402382802,8826.498939802535,324.30811301076335,9431.97239305158,7946.019866037946,0.18807869245125688,0.0940454551983728,0.09403669942580327,154.7109611419861,212.44921012713232,,28/7/2023 01:01:29
185135,DHF,2023,7,16,1.0588283499564388,0.393088978002316,0.2099826107464191,0.6657393719541228,0.1831063672558969,281.2508161470201,8826.584158758795,324.34655126536586,9432.18152617118,7946.027445259369,0.19654268001169906,0.09827772389686687,0.09826857409375009,154.67932420946414,215.1221448869486,,28/7/2023 01:01:29
185136,DHF,2023,7,17,1.043542289201519,0.3874140430611806,0.20840969552938912,0.6561282461403383,0.17900434753179148,281.3447248514738,8826.673609898533,324.38921480489313,9432.407549554899,7946.035037109367,0.1937052386570949,0.09685891105680226,0.09684989334728343,154.64445640363053,220.04938597228437,,28/7/2023 01:01:29
185137,DHF,2023,7,18,0.960985454006557,0.35676489962331503,0.17214184348644002,0.604220554383242,0.18462305613687502,281.43576184543264,8826.76164213598,324.4304523495601,9432.627856330972,7946.04265405893,0.1783808079850512,0.08919619796886544,0.08918789366939839,154.61070906132622,213.3505958262605,,28/7/2023 01:01:29
185138,DHF,2023,7,19,1.002829786859874,0.37229956682142684,0.1790337725319241,0.630530220038447,0.19326579428950275,281.51144118752296,8826.842011572306,324.4640208249038,9432.817473584733,7946.05023085005,0.18614807009380646,0.09308008131121842,0.09307141541640196,154.5828796028629,203.80726908263696,,28/7/2023 01:01:29
185139,DHF,2023,7,20,1.0214189345522013,0.37920076952214016,0.19749788600189042,0.6422181650300611,0.18170288352024974,281.59486017483596,8826.926264811606,324.5014670671122,9433.022592053552,7946.057746178978,0.1895986396849338,0.09480547818452645,0.09479665165267992,154.55208674493068,216.77334823403234,,28/7/2023 01:01:29
185140,DHF,2023,7,21,1.0078988150184311,0.37418143851327773,0.19698592570290802,0.6337173765051535,0.17719551281036972,281.6816992905047,8827.012243363524,324.5406321258814,9433.23457477991,7946.065336273901,0.18708899727938708,0.0935505754662084,0.09354186576768225,154.51999306187477,222.28517150592137,,28/7/2023 01:01:29
185141,DHF,2023,7,22,1.1103514126560357,0.4122168640859925,0.23128878481370735,0.6981345485700431,0.18092807927228516,281.7659970744601,8827.096966926747,324.57853568442124,9433.441499685629,7946.072954678505,0.20610653502729834,0.10305996204766847,0.1030503670110257,154.48888858108106,217.6976362568057,,28/7/2023 01:01:29
185142,DHF,2023,7,23,0.9442324093834048,0.350545348371582,0.1726422302755237,0.5936870610118228,0.17790311809605833,281.8692816342377,8827.191199791829,324.625941246128,9433.686422672194,7946.080545693367,0.1752710609814643,0.08764122345956586,0.08763306393055185,154.45051245131896,221.3970424492199,,28/7/2023 01:01:29
185143,DHF,2023,7,24,0.984831424483782,0.36561769258522564,0.18243352218675613,0.6192137318985563,0.18318417039846951,281.9416930293945,8827.270013824089,324.6579213776818,9433.869628231165,7946.088155092687,0.1828071637255888,0.09140951961132995,0.09140100924830688,154.4239949494595,215.01253287897654,,28/7/2023 01:01:29
185144,DHF,2023,7,25,1.1355633219323122,0.42157676047647585,0.2287825895270921,0.7139865614558364,0.19279417094938375,282.02161410294775,8827.352596073686,324.6936639719722,9434.067874148604,7946.09572631191,0.21078644014844014,0.10540006661595727,0.10539025371207844,154.3946078880377,204.29279233669558,,28/7/2023 01:01:29
185145,DHF,2023,7,26,0.960015957583119,0.3564049750347055,0.1727381896491432,0.6036109825484135,0.18366678538556228,282.1294852881462,8827.449168787705,324.7433896831194,9434.32204375897,7946.1032288939205,0.17820084734711386,0.08910621180460608,0.08909791588298553,154.35452322396046,214.44183224684846,,28/7/2023 01:01:29
185146,DHF,2023,7,27,1.0049820859904763,0.37309860574557224,0.1958249089566857,0.631883480244904,0.17727369678888655,282.20473151621815,8827.529447550342,324.7768145316054,9434.510993598165,7946.110790543434,0.1865475858787142,0.09327985218032063,0.09327116768653741,154.32695351067903,222.17284445766313,,28/7/2023 01:01:29
185147,DHF,2023,7,28,0.9936894767822354,0.3689062357426065,0.19470139084833374,0.6247832410396289,0.17420484489427276,282.28829702398747,8827.613899873075,324.8144069016356,9434.716603798699,7946.118393692742,0.18445142017045404,0.0922317012407576,0.09222311433139486,154.2962091186198,226.08489998018618,,28/7/2023 01:01:29
185148,DHF,2023,7,29,0.9935851168885063,0.36886749223524573,0.19489270208412354,0.6247176246532605,0.1739747901511222,282.36973587134486,8827.697303960416,324.8509447735835,9434.917984605345,7946.126016199302,0.18443204859507045,0.09222201482385906,0.09221342881631622,154.2662910400259,226.38238739294454,,28/7/2023 01:01:29
185149,DHF,2023,7,30,1.0079183229754813,0.3741886808230442,0.19923633114061223,0.6337296421524371,0.17495234968243195,282.4511256284836,8827.780698277937,324.8874666960692,9435.11929060249,7946.13363878476,0.1870926184009413,0.09355238614460294,0.09354367627749995,154.23640362609297,225.11602147952354,,28/7/2023 01:01:29
185150,DHF,2023,7,31,1.0198865460081161,0.37863187179030117,0.20293311666292382,0.6412546742178149,0.17569875512737734,282.53514625469904,8827.865422883382,324.92531260480337,9435.325881742883,7946.141253105303,0.189314193437073,0.09466324582151446,0.0946544325317137,154.20552226895404,224.15814682291435,,28/7/2023 01:01:29
185151,DHF,2023,8,1,1.0226349083319337,0.3796521985855687,0.20452309799689813,0.6429827097463651,0.17512910058867057,282.6213577951653,8827.951258263782,324.9642627815986,9435.536878840547,7946.1488606509365,0.18982435213917856,0.0949183417430014,0.09490950470338874,154.17381638125266,224.88566440116833,,28/7/2023 01:01:29
185152,DHF,2023,8,2,1.0240962330043404,0.3801947139253117,0.20564417354897455,0.6439015190790287,0.17455054037633713,282.7080480340404,8828.037348654267,325.0034613530599,9435.748858041368,7946.156470487486,0.19009560731240266,0.09505397814023658,0.09504512847267244,154.1419410636718,225.62950882803383,,28/7/2023 01:01:29
185153,DHF,2023,8,3,1.0247863352145303,0.3804509136885043,0.2064805257786874,0.644335421526026,0.17397038790981692,282.7949778931091,8828.123574595058,325.04278882820074,9435.961341316368,7946.164082752495,0.19022370601497168,0.09511803165228729,0.09510917602124534,154.1099878290134,226.38044119513228,,28/7/2023 01:01:29
185357,DHF,2023,6,1,0.9789758868423009,0.4326632049933534,0.28720537142968383,0.5463126818489474,0.14545783356366962,278.1298448205575,8823.512868694314,321.4063516871638,9423.049065202034,7948.016537749337,0.21632916323102303,0.10817703853252192,0.10815700322980848,155.71668910716286,237.43200466775292,,29/7/2023 01:01:19
185358,DHF,2023,6,2,0.8528955618329316,0.3769413856530323,0.23853369285520362,0.47595417617989927,0.1384076927978287,278.24470376008634,8823.612222219977,321.4590104818017,9423.315936461866,7948.028314192508,0.18846856770895376,0.09424513647033313,0.09422768147374543,155.67312160123237,249.52726664066114,,29/7/2023 01:01:19
185359,DHF,2023,6,3,0.918858460922797,0.4060940131226725,0.2611393188459181,0.5127644478001245,0.14495469427675436,278.33166020005984,8823.697643744224,321.49773086192994,9423.527034806213,7948.039948287908,0.2030447170872906,0.10153405050025607,0.10151524553512584,155.64048143834228,238.258853708547,,29/7/2023 01:01:19
185360,DHF,2023,6,4,0.9284569932328409,0.4103361316552252,0.2751557815917362,0.5181208615776157,0.135180350063489,278.43316106505847,8823.79035409708,321.54373212015423,9423.767247282292,7948.051716839467,0.20516575243737994,0.10259469031122075,0.10257568890662451,155.60217502168868,255.4875442238351,,29/7/2023 01:01:19
185361,DHF,2023,6,5,0.8378967863255868,0.370312603096482,0.23089933558869932,0.46758418322910483,0.13941326750778268,278.53674593480565,8823.884124997037,321.59078587857334,9424.011656810417,7948.063287628326,0.18515421380238362,0.09258776866607371,0.09257062062802468,155.56307472727357,247.73242800069627,,29/7/2023 01:01:19
185362,DHF,2023,6,6,0.9183901394922762,0.40588703616458865,0.26353697131477394,0.5125031033276876,0.1423500648498147,278.6202814750079,8823.967888881578,321.6278264437988,9424.215996800385,7948.074946223931,0.20294122977514176,0.10148230088505529,0.10146350550439161,155.53181659195482,242.62315009287073,,29/7/2023 01:01:19
185363,DHF,2023,6,7,0.8491614902988013,0.37529109438503955,0.23228393260197172,0.47387039591376173,0.14300716178306783,278.72157355487803,8824.060547214574,321.673753497994,9424.455874267447,7948.086665932503,0.1876434313789584,0.0938325207913772,0.09381514221470395,155.49364704787703,241.50968840080597,,29/7/2023 01:01:19
185364,DHF,2023,6,8,0.7230240494727935,0.31954403242882284,0.18398846237653185,0.4034800170439707,0.135555570052291,278.80753088192154,8824.145555674819,321.71202425853596,9424.665110815275,7948.098400131556,0.15977021469125394,0.07989430741960424,0.07987951031796467,155.46147356513063,254.78702606340272,,29/7/2023 01:01:19
185365,DHF,2023,6,9,0.7905113512970727,0.3493703771795899,0.206570301324401,0.4411409741174828,0.14280007585518892,278.86558363243097,8824.216625836681,321.73635277885296,9424.818562247965,7948.109983697694,0.17468321891187535,0.08735166826783622,0.08733548999987834,155.4401857478358,241.86324110448902,,29/7/2023 01:01:19
185366,DHF,2023,6,10,0.845216276041291,0.37354748755265293,0.23068094854275423,0.4716687884886381,0.1428665390098987,278.9385282077526,8824.295153288323,321.76813307797255,9425.001814574049,7948.121716522014,0.18677163779285974,0.09339657379769754,0.09337927596209565,155.41310317900695,241.75204758609786,,29/7/2023 01:01:19
185367,DHF,2023,6,11,0.806591796537327,0.3564772089911576,0.22133406231078867,0.45011458754616945,0.13514314668036892,279.0235345895563,8824.379725566969,321.80595167545385,9425.20921183198,7948.13345177369,0.17823659475081158,0.08912856080191686,0.08911205343842915,155.38133412109548,255.56950430371347,,29/7/2023 01:01:19
185368,DHF,2023,6,12,0.8496492079683894,0.3755066436063146,0.2516310868798349,0.4741425643620748,0.12387555672647972,279.09997491540526,8824.460029748045,321.8394965201597,9425.39950118361,7948.145030680933,0.18775120477437376,0.09388641369501788,0.09386902513692294,155.35291190102487,278.8182226365476,,29/7/2023 01:01:19
185369,DHF,2023,6,13,0.8986575205023082,0.3971661082133902,0.2692138456298913,0.5014914122889179,0.1279522625834989,279.18590196352284,8824.54509170171,321.87779254427403,9425.608786209506,7948.156381540384,0.19858081496633043,0.09930184239418215,0.09928345085287764,155.32080995339854,269.93828042103104,,29/7/2023 01:01:19
185370,DHF,2023,6,14,0.9489896387798908,0.4194106352755684,0.28458120134422304,0.5295790035043225,0.1348294339313453,279.2826272730327,8824.635568999012,321.92149638141376,9425.839692653459,7948.1678182196765,0.2097029530873772,0.10486355190257435,0.10484413028561684,155.28452326861503,256.1726193530344,,29/7/2023 01:01:19
185371,DHF,2023,6,15,0.8617073915804312,0.38083581712131537,0.2390536286913992,0.4808715744591158,0.14178218842991616,279.39043943232986,8824.731607915344,321.9707533515123,9426.092800699185,7948.179397736465,0.19041576148709624,0.09521884548497696,0.09520121014924217,155.2439460238502,243.6124804267364,,29/7/2023 01:01:19
185372,DHF,2023,6,16,0.8095000037746342,0.3577625054739308,0.2162548319345907,0.45173749830070337,0.1415076735393401,279.47892506687305,8824.818002029222,322.01035889612416,9426.30728599222,7948.191121204265,0.17887923574596234,0.08944991830479218,0.08943335142317627,155.21089657556908,244.08652865466166,,29/7/2023 01:01:19
185373,DHF,2023,6,17,0.8262197617977178,0.36515188471218174,0.2218019154655401,0.4610678770855361,0.14334996924664165,279.55584189342534,8824.898627129525,322.04418974320055,9426.498658766151,7948.202840253386,0.18257388370529615,0.09129745503396695,0.09128054597291864,155.1823527942738,240.95106194957575,,29/7/2023 01:01:19
185374,DHF,2023,6,18,0.94482724069308,0.4175710429823336,0.2678566360564536,0.5272561977107464,0.14971440692587998,279.63642530634,8824.981099685932,322.0798619431518,9426.697386935424,7948.214598216267,0.2087831673120007,0.10440360605071375,0.10438426961961916,155.1523968198436,230.7093459380283,,29/7/2023 01:01:19
185375,DHF,2023,6,19,1.0310779481787902,0.45568996708993315,0.2948100264887703,0.575387981088857,0.1608799406011628,279.74318860358227,8825.076678310883,322.12863170712296,9426.948498621588,7948.2264874982975,0.22784241445919123,0.11393432711600383,0.11391322551473808,155.1122982356908,214.69806088711087,,29/7/2023 01:01:19
185376,DHF,2023,6,20,0.8891505348051462,0.3929644491563651,0.2240524988198955,0.4961860856487811,0.16891195033646958,279.8689721974749,8825.18178756132,322.1869220057663,9427.237681764562,7948.238605786854,0.19648000912590255,0.09825131850292748,0.09823312152753505,155.0648488575168,204.48853047530181,,29/7/2023 01:01:19
185377,DHF,2023,6,21,1.0374556824671601,0.4585086381061342,0.30179157992515937,0.578947044361026,0.15671705818097484,279.96334749635474,8825.271213698035,322.2295221352599,9427.464083329649,7948.250887681052,0.22925173407620755,0.11463906807759028,0.11461783595233635,155.02959618197517,220.39969520397437,,29/7/2023 01:01:19
185378,DHF,2023,6,22,0.8770832958988591,0.3876312736095647,0.2443181023598022,0.48945202228929446,0.14331317124976248,280.09046008920654,8825.377027494898,322.28849962328496,9427.755987207389,7948.262918379212,0.19381345141984294,0.09691788610107625,0.09689993608864549,154.98168535089417,241.01340771020185,,29/7/2023 01:01:19
185379,DHF,2023,6,23,0.8889446111570943,0.39287344018796516,0.25053759272178866,0.49607117096912917,0.1423358474661765,280.18208802486333,8825.465120003972,322.3297490276247,9427.97695705646,7948.274674676185,0.19643450515479224,0.09822856389710992,0.098210371136063,154.94753480045904,242.6696134878593,,29/7/2023 01:01:19
185380,DHF,2023,6,24,0.9675844344579796,0.4276286966215211,0.28243288373546205,0.5399557378364586,0.145195812886059,280.27630358559827,8825.554523102748,322.3723017443523,9428.203128432699,7948.286412065495,0.2138119374286236,0.10691828068150393,0.10689847851139357,154.9123989998731,237.89107772518528,,29/7/2023 01:01:19
185381,DHF,2023,6,25,0.8755335931096689,0.3869463748448762,0.2405487415214149,0.48858721826479273,0.1463976333234613,280.3878622059059,8825.652615828907,322.4235352207486,9428.464013255561,7948.298209168351,0.1934710058988162,0.09674664362146743,0.09672872532459259,154.87057586385987,235.93928468835105,,29/7/2023 01:01:19
185382,DHF,2023,6,26,0.9920960108963955,0.4384617083063051,0.28974558989026156,0.5536343025900905,0.14871611841604354,280.4790391947072,8825.740536819912,322.46459009731853,9428.68416611194,7948.310031800846,0.21922838219673665,0.10962681496157083,0.10960651114799762,154.83665002299475,232.26198908559792,,29/7/2023 01:01:19
185383,DHF,2023,6,27,0.9713673698618707,0.42930058351692735,0.2665459229482978,0.5420667863449433,0.16275466056862956,280.5959402956687,8825.841337894337,322.51851567064193,9428.955793860647,7948.32190271275,0.2146478714505741,0.10733629582820259,0.10731641623815066,154.7928067919332,212.22875302497232,,29/7/2023 01:01:19
185384,DHF,2023,6,28,0.12739755078827605,0.05630397374765792,-0.083258042,0.07109357704061814,0.139562015721774,280.70821823680814,8825.939848348828,322.57014183756337,9429.218208423199,7948.334061722436,0.0281516694436714,0.014077455783946459,0.014074848520040064,154.75077342000918,247.49673465710444,,29/7/2023 01:01:19
185385,DHF,2023,6,29,0.19553060886929152,0.0864157136500719,-0.058929065,0.10911489521921962,0.14534477821682892,280.6339590135341,8825.945099864763,322.52851752232004,9429.107576400616,7948.345744949331,0.04320736963111742,0.02160617283247559,0.021602171186478898,154.78073627744104,237.65138497735674,,29/7/2023 01:01:19
185386,DHF,2023,6,30,0.1776393727740279,0.07850859391984259,-0.085466852,0.0991307788541853,0.16397544619831061,280.5747825824699,8825.957880092496,322.4944277171398,9429.027090392105,7948.357547993741,0.039253854344708204,0.0196291875333642,0.01962555204177019,154.80488757121677,210.65076008137945,,29/7/2023 01:01:19
185387,DHF,2023,7,1,0.1986904523430442,0.0878122220043695,-0.078301041,0.1108782303386747,0.16611326294723222,280.5116742254806,8825.968683322148,322.45836717920474,9428.938724726833,7948.369733599037,0.04390561593504098,0.02195533619166663,0.021951269877661893,154.83056622122942,207.93920535150716,,29/7/2023 01:01:19
185388,DHF,2023,7,2,0.8228326278264891,0.36365492420536005,0.18730784632816372,0.4591777036211291,0.17634707787719633,280.453240653929,8825.981812689655,322.42463858578793,9428.859691929372,7948.381961798683,0.18182541189143903,0.09092317602766549,0.09090633628625554,154.8544479896891,195.87133509343175,,29/7/2023 01:01:19
185389,DHF,2023,7,3,0.9763434522157718,0.4314997875713745,0.2809476086802952,0.5448436646443973,0.1505521788910793,280.53274819667735,8826.06390988387,322.45987088279816,9429.056528963345,7948.394398054851,0.2157474610791403,0.107886153960332,0.10786617253190221,154.8250368200475,229.42925308279777,,29/7/2023 01:01:19
185390,DHF,2023,7,4,0.9541754236488525,0.42170251838726397,0.25780863083646627,0.5324729052615886,0.1638938875507977,280.64614878184443,8826.16296997392,322.51205693238654,9429.321175688152,7948.406303895285,0.210848881722062,0.10543658220610976,0.1054170544590922,154.78255214128447,210.75322975675397,,29/7/2023 01:01:19
185391,DHF,2023,7,5,1.055022317598078,0.4662722988447118,0.3024874734364943,0.5887500187533662,0.16378482540821745,280.75460941567314,8826.259580393156,322.5617848527788,9429.575974661608,7948.418483094069,0.23313352067558304,0.11658018490282027,0.11655859326630846,154.7419976460585,210.89301248416837,,29/7/2023 01:01:19
185392,DHF,2023,7,6,0.9295210096615227,0.41080637894567074,0.2501798328889939,0.518714630715852,0.1606265460566768,280.8853151187185,8826.367334318478,322.6226457253076,9429.875295162503,7948.430658970862,0.20540087343144575,0.10271226434726367,0.10269324116696131,154.69288838459022,215.03909121102916,,29/7/2023 01:01:19
185393,DHF,2023,7,7,0.9470192980140686,0.41853983348961293,0.25738338662853616,0.5284794645244556,0.16115644686107677,280.98824048910524,8826.461220215491,322.6696307367058,9430.119091441302,7948.442769217615,0.2092675571037998,0.10464582883930869,0.10462644754650445,154.65451568767568,214.3317423830709,,29/7/2023 01:01:19
185394,DHF,2023,7,8,0.9759684748478595,0.4313340644805596,0.26335902020248436,0.5446344103672999,0.16797504427807528,281.09499499285977,8826.557039583111,322.7185408414392,9430.37057541741,7948.454889603253,0.21566460046804528,0.10784471888340867,0.10782474512910566,154.6146880968565,205.63108700290044,,29/7/2023 01:01:19
185395,DHF,2023,7,9,0.9835687473051944,0.4346930422494807,0.27060101801539704,0.5488757050557137,0.16409202423408364,281.2081075926898,8826.656057744955,322.7706407982993,9430.634806135942,7948.467148573438,0.21734407041528406,0.10868455056621613,0.1086644212679805,154.57243468370277,210.49619400333788,,29/7/2023 01:01:19
185396,DHF,2023,7,10,0.918093805542121,0.4057560699187946,0.2433391612077398,0.5123377356233264,0.1624169087110548,281.3228583955516,8826.755915639464,322.8235714350409,9430.902345470056,7948.479326662088,0.2028757473906054,0.10144955592210436,0.10143076660608483,154.52957523664284,212.66662842949677,,29/7/2023 01:01:19
185397,DHF,2023,7,11,0.9208075776976835,0.40695543486151525,0.2412421617805268,0.5138521428361683,0.16571327308098846,281.4230990108069,8826.848538439472,322.8692592774271,9431.140896727706,7948.491469466315,0.2034754231001943,0.10174942830812164,0.1017305834531993,154.4923188045097,208.43586828421974,,29/7/2023 01:01:19
185398,DHF,2023,7,12,0.8976144575378813,0.3967051214094614,0.2331667539338824,0.5009093361284198,0.163538367475579,281.5239027309476,8826.941461019242,322.91523904760226,9431.380602797792,7948.5036786692235,0.19835032416331433,0.09918658372028505,0.09916821352586203,154.45486464054673,211.20718818970005,,29/7/2023 01:01:19
185399,DHF,2023,7,13,0.9453805936225332,0.4178156000293126,0.24970186856834628,0.5275649935932206,0.16811373146096634,281.6195445758895,8827.031820661501,322.9586485083838,9431.610013745774,7948.515842219339,0.208905444456728,0.10446475166418205,0.10444540390840255,154.41941171635602,205.45851804151178,,29/7/2023 01:01:19
185400,DHF,2023,7,14,0.9303043493037602,0.4111525797507814,0.23957505853240896,0.5191517695529787,0.17157752121837244,281.7257066480719,8827.127458381345,323.00732766390485,9431.860492693322,7948.528098078081,0.2055739718821927,0.10279882354019294,0.10277978432839575,154.3799374826551,201.30990832883276,,29/7/2023 01:01:19
185401,DHF,2023,7,15,0.852121147725902,0.37659912953207697,0.2126016363979824,0.475522018193825,0.16399749313409456,281.828498516528,8827.221430077427,323.0543327942686,9432.104261388224,7948.5404229816995,0.18829744157804537,0.09415956355089534,0.09414212440313625,154.3417771447901,210.61337155251363,,29/7/2023 01:01:19
185402,DHF,2023,7,16,0.8904646814528453,0.3935452427265303,0.23134150341149093,0.496919438726315,0.16220373931503937,281.91397635308107,8827.306762419546,323.0926921481888,9432.313430920816,7948.55259143876,0.1967704026365911,0.09839653198004805,0.09837830810989115,154.31027526768494,212.94194593458428,,29/7/2023 01:01:19
185403,DHF,2023,7,17,0.8776262861587615,0.38787125082380175,0.22886619801590302,0.48975503533495973,0.15900505280789873,282.007895965779,8827.396331644763,323.13528106218985,9432.539508672731,7948.564722307937,0.19393343867401952,0.09697788663740997,0.09695992551237226,154.2755510767546,217.22529845015632,,29/7/2023 01:01:19
185404,DHF,2023,7,18,0.8082169584473654,0.35719545728519714,0.19380820752434005,0.45102150116216827,0.16338724976085708,282.0989443497842,8827.484482135067,323.17644423963657,9432.759870724487,7948.576787217796,0.17859571484849596,0.0893081415300295,0.08929160090667168,154.24194295501357,211.39902224042063,,29/7/2023 01:01:19
185405,DHF,2023,7,19,0.8433772685312215,0.3727347291445987,0.20263834388036414,0.4706425393866228,0.17009638526423457,282.17462179274503,8827.564962792116,323.20993198470705,9432.949516569568,7948.588940885047,0.18636526317099633,0.0931933630864307,0.09317610288717168,154.21423573384504,203.0603400660679,,29/7/2023 01:01:19
185406,DHF,2023,7,20,0.8590194818618498,0.37964788220973605,0.2185326839106411,0.4793715996521138,0.16111519829909496,282.2580411745963,8827.64932859024,323.2472984493276,9433.154668214163,7948.601230119183,0.18982180072863805,0.0949218309036098,0.0949042505774882,154.1835752381326,214.37867592538706,,29/7/2023 01:01:19
185407,DHF,2023,7,21,0.8476647756294634,0.37462961398036376,0.21703325252166938,0.47303516164909964,0.15759636145869438,282.3448866600784,8827.735422771815,323.2863866094578,9433.366696041352,7948.613334870031,0.18731269490591004,0.09366713351000164,0.09364978556445208,154.1516164394229,219.1650862380206,,29/7/2023 01:01:19
185408,DHF,2023,7,22,0.9337921090929682,0.41269401233244907,0.25218071175164547,0.5210980967605191,0.16051330058080363,282.4291913558642,8827.820262169902,323.32421355510394,9433.573667080871,7948.625367376124,0.20634467948274846,0.10318422172025062,0.10316511112945,154.120642920449,215.18233247250677,,29/7/2023 01:01:19
185409,DHF,2023,7,23,0.7941517335385051,0.35097926200417884,0.19282719160012177,0.44317247153432626,0.15815207040405707,282.5324972793106,8827.91461857136,323.37154929462173,9433.818665145292,7948.637458911542,0.17548765225360996,0.08775393126051809,0.08773767849005079,154.08241925292688,218.39482037651672,,29/7/2023 01:01:19
185410,DHF,2023,7,24,0.8282826875937541,0.3660636049073088,0.203788966613114,0.4622190826864453,0.16227463829419483,282.604908486386,8827.993544588002,323.40344942789454,9434.001902502283,7948.6495018453,0.18302973866276975,0.09152540876227318,0.0915084574822659,154.05601829414692,212.84652437421983,,29/7/2023 01:01:19
185411,DHF,2023,7,25,0.9549741653093343,0.4220555261900408,0.25231614447633777,0.5329186391192936,0.169739381713703,282.68483536206065,8828.07624200322,323.43911483186696,9434.200192197148,7948.661628234131,0.2110253836332656,0.10552484332524935,0.10550529923152584,154.02675613327895,203.48569560266043,,29/7/2023 01:01:19
185412,DHF,2023,7,26,0.8074187288628718,0.3568426757969202,0.1941893189922819,0.4505760530659516,0.1626533568046383,282.7927287229515,8828.172938770305,323.4887709191352,9434.454438412393,7948.673905499002,0.17841932609326647,0.08921993699539275,0.08920341270826097,153.98682987001933,212.34961219885147,,29/7/2023 01:01:19
185413,DHF,2023,7,27,0.8452381105114444,0.3735571374040568,0.2158920927609528,0.47168097310738755,0.15766504464310402,282.86797666352385,8828.253330534362,323.5221165456132,9434.643423743499,7948.686037128665,0.18677646266415765,0.093398986511178,0.09338168822872117,153.95937979585412,219.067686588018,,29/7/2023 01:01:19
185414,DHF,2023,7,28,0.9031425874918406,0.3991483056141456,0.23449134487713272,0.503994281877695,0.1646569607370129,282.9515542879305,8828.337901267543,323.55963468972124,9434.849090245196,7948.698066626101,0.19957190249148915,0.09979744322671397,0.09977895989594249,153.9287628470474,209.7653505806267,,29/7/2023 01:01:19
185415,DHF,2023,7,29,0.9231315067597974,0.4079825067329529,0.2508507795730298,0.5151490000268445,0.15713172715992307,283.04789686050594,8828.428870372869,323.6035436271249,9435.0803108605,7948.71023780932,0.20398895324549426,0.1020062229514607,0.10198733053599793,153.8932924049348,219.81071827235309,,29/7/2023 01:01:19
185416,DHF,2023,7,30,0.9041543429895951,0.3995954559292979,0.2466330875694161,0.5045588870602972,0.1529623683598818,283.1486213351357,8828.52204816695,323.6496533532794,9435.320322855365,7948.722255196893,0.19979547512812448,0.09990924241905057,0.09989073838212285,153.85616943729357,225.80230112295237,,29/7/2023 01:01:19
185417,DHF,2023,7,31,0.9044984387455215,0.3997475307399085,0.2474313349065912,0.504750908005613,0.1523161958333173,283.2451155842973,8828.61312888732,323.69365852537385,9435.551902996991,7948.734187789358,0.19987151167606326,0.09994726507144491,0.09992875399240031,153.82067588736916,226.76071677605086,,29/7/2023 01:01:19
185418,DHF,2023,8,1,0.9219369333837872,0.4074545591579299,0.2547701437296333,0.5144823742258574,0.15268441542829658,283.341650665971,8828.704247539263,323.7376941145722,9435.783592319805,7948.746107537714,0.203724982434442,0.10187422234566086,0.10185535437782701,153.78518376245364,226.21440510298362,,29/7/2023 01:01:19
185419,DHF,2023,8,2,0.932391365869671,0.4120749469800641,0.25899893998102763,0.5203164188896069,0.15307600699903645,283.44200399947016,8828.797293057361,323.78364870039735,9436.022945757228,7948.7580351013285,0.2060351502967182,0.10302943930356673,0.10301035737977915,153.7482561309897,225.6362368546639,,29/7/2023 01:01:19
185420,DHF,2023,8,3,0.9420900027473504,0.41636130721831116,0.26355243393274486,0.5257286955290393,0.15280887328556628,283.5446308888844,8828.891493699373,323.8307503541069,9436.266874942365,7948.769970922796,0.20817830625022937,0.10410114069001636,0.10408186027806543,153.7104825149479,226.03117610348656,,29/7/2023 01:01:19
185421,DHF,2023,8,4,0.9499967577240104,0.41985573644305246,0.2671395747104002,0.530141021280958,0.15271616173265232,283.64936349284255,8828.98676594857,323.87891537752944,9436.515044818942,7948.781901595942,0.20992550116173106,0.1049748387547727,0.1049553965265487,153.67192804920728,226.1689164188755,,29/7/2023 01:01:19
