{
  "firstList" :[
    {
      "name": "公告",
      "url": "#"
    },
    {
      "name": "[2019-10-20] 新增数据模型",
      "url": "#"
    },
    {
      "name": "[2019-8-20] 模型数据医疗技术突破",
      "url": "#"
    },
    {
      "name": "[2019-7-20] 数据集可以提供自由上传功能开放",
      "url": "#"
    },
    {
      "name": "[2019-5-20] 新增图像切割数据集",
      "url": "#"
    }
  ],
  "secondList": [
    {
      "name": "开发资源",
      "url": "#"
    },
    {
      "name": "关于我们",
      "url": "bootrouter",
      "title": "1"
    },
    {
      "name": "产品文档",
      "url": "bootrouter",
      "title": "2"
    },
    {
      "name": "常见问题",
      "url": "bootrouter",
      "title": "3"
    }
  ],
  "thirdList": [
    {
      "name": "联系我们",
      "url": "#"
    },
    {
      "name": "意见建议",
      "url": "#"
    },
    {
      "name": "客服电话",
      "url": "#"
    },
    {
      "name": "4007-765-128",
      "url": "#"
    },
    {
      "name": "商务合作",
      "url": "#"
    }
  ]
}
