<?xml version="1.0" encoding="UTF-8"?>
<!DOCTYPE mapper PUBLIC "-//mybatis.org//DTD Mapper 3.0//EN" "http://mybatis.org/dtd/mybatis-3-mapper.dtd">
<mapper namespace="com.as.demo.mapper.ZoologyHistoryDriveMapper">

    <select id="listByCode" resultType="com.as.demo.entity.ZoologyHistoryDrive">
        <![CDATA[
        SELECT *,
               STR_TO_DATE(CONCAT(`year`, "-", `month`, "-", `day`), '%Y-%m-%d') da
        FROM zoology_history_drive
        Where site_code = #{site_code}
        HAVING da >= STR_TO_DATE(#{start}, '%Y-%m-%d')
           and da <= STR_TO_DATE(#{end}, '%Y-%m-%d')
        ]]>

    </select>

    <select id="historySameTime" resultType="com.as.demo.entity.ZoologyHistoryDrive">
        <![CDATA[
        SELECT * FROM zoology_history_drive
        Where
             month = #{month}
             and day = #{day}
             and site_code = #{site_code}
        ]]>

    </select>

    <select id="list" resultType="com.as.demo.entity.ZoologyHistoryDrive">
        <![CDATA[
        SELECT *,
               STR_TO_DATE(CONCAT(`year`, "-", `month`, "-", `day`), '%Y-%m-%d') da
        FROM zoology_history_drive
        HAVING da >= STR_TO_DATE(#{start}, '%Y-%m-%d')
           and da <= STR_TO_DATE(#{end}, '%Y-%m-%d')
        ]]>

    </select>

    <update id="deleteOld">
        <![CDATA[
        DELETE
        FROM zoology_history_drive
        WHERE STR_TO_DATE(CONCAT(`year`, "-", `month`, "-", `day`), '%Y-%m-%d') >= STR_TO_DATE(#{start}, '%Y-%m-%d')
          AND STR_TO_DATE(CONCAT(`year`, "-", `month`, "-", `day`), '%Y-%m-%d') <= STR_TO_DATE(#{end}, '%Y-%m-%d')
        ]]>
    </update>

    <update id="deleteOldBySitecode">
        <![CDATA[
        DELETE
        FROM zoology_history_drive
        WHERE STR_TO_DATE(CONCAT(`year`, "-", `month`, "-", `day`), '%Y-%m-%d') >= STR_TO_DATE(#{start}, '%Y-%m-%d')
          AND STR_TO_DATE(CONCAT(`year`, "-", `month`, "-", `day`), '%Y-%m-%d') <= STR_TO_DATE(#{end}, '%Y-%m-%d')
          AND site_code = #{site_code}
        ]]>
    </update>

    <select id="selectFromStartToEnd" resultType="com.as.demo.entity.ZoologyHistoryDrive">
        <![CDATA[
        SELECT *
        FROM zoology_history_drive
        WHERE site_code=#{site_code} and
              STR_TO_DATE(CONCAT(year, '-', LPAD(month, 2, '0'), '-', LPAD(day, 2, '0')), '%Y-%m-%d')
              BETWEEN #{startDate} AND #{endDate}
        order by id
        ]]>
    </select>
</mapper>
